<?xml version="1.0" encoding="UTF-8" standalone="no"?>
<project default="create_run_jar" name="Create Runnable Jar for Project DataKeeper-main with Jar-in-Jar Loader">
    <!--this file was created by Eclipse Runnable JAR file Export Wizard-->
    <!--ANT 1.7 is required-->
    <!--define folder properties-->
    <property name="dir.buildfile" value="."/>
    <property name="dir.workspace" value="C:/Users/korisnik/eclipse-workspace"/>
    <property name="dir.jarfile" value="${dir.buildfile}"/>
    <target name="create_run_jar">
        <jar destfile="${dir.jarfile}/datakeeper-main.jar">
            <manifest>
                <attribute name="Main-Class" value="org.eclipse.jdt.internal.jarinjarloader.JarRsrcLoader"/>
                <attribute name="Rsrc-Main-Class" value="datakeepermain.MyApp"/>
                <attribute name="Class-Path" value="."/>
                <attribute name="Rsrc-Class-Path" value="./ datakeeper-spec.jar datakeepercustom.jar datakeeperjson.jar datakeeperxml.jar javax.json-1.0.jar"/>
            </manifest>
            <zipfileset src="jar-in-jar-loader.zip"/>
            <fileset dir="${dir.jarfile}/bin"/>
            <zipfileset dir="${dir.jarfile}/lib" includes="datakeeper-spec.jar"/>
            <zipfileset dir="${dir.jarfile}/lib" includes="datakeepercustom.jar"/>
            <zipfileset dir="${dir.jarfile}/lib" includes="datakeeperjson.jar"/>
            <zipfileset dir="${dir.jarfile}/lib" includes="datakeeperxml.jar"/>
            <zipfileset dir="${dir.jarfile}/lib" includes="javax.json-1.0.jar"/>
        </jar>
    </target>
</project>
