<?xml version="1.0" encoding="UTF-8" standalone="no"?>
<konfiguracija1>
    <parent>0</parent>
    <id>1</id>
    <tip>0</tip>
    <ime>konfiguracija</ime>
    <id_ent>1</id_ent>
    <opis>root</opis>
    <vrednost>0</vrednost>
    <konfiguracija1>
        <parent>1</parent>
        <id>2</id>
        <tip>0</tip>
        <ime>Racunar</ime>
        <id_ent>2</id_ent>
        <opis>Samsung</opis>
        <vrednost>90</vrednost>
        <Racunar2>
            <parent>2</parent>
            <id>128</id>
            <tip>0</tip>
            <ime>Memorija</ime>
            <id_ent>10</id_ent>
            <opis>kingston u gigabajtima</opis>
            <vrednost>32</vrednost>
            <konfiguracija1>
                <parent>1</parent>
                <id>3</id>
                <tip>0</tip>
                <ime>Racunar</ime>
                <id_ent>2</id_ent>
                <opis>Lenovo</opis>
                <vrednost>900</vrednost>
            </konfiguracija1>
        </Racunar2>
    </konfiguracija1>
</konfiguracija1>
