{"Studenti103":{"parent":"0","id":"103","tip":"0","ime":"Studenti","id_ent":"10","opis":"Studenti I godine","vrednost":"0","Student104":{"parent":"103","id":"104","tip":"0","ime":"Student","id_ent":"2","opis":"Pojedinacni student","vrednost":"0","StudentIme105":{"parent":"104","id":"105","tip":"0","ime":"StudentIme","id_ent":"3","opis":"Ime studenta","vrednost":"Zoran Petrovic"},"StudentAdresa106":{"parent":"104","id":"106","tip":"0","ime":"StudentAdresa","id_ent":"4","opis":"Adresa Studenta","vrednost":"Kralja Petra 10"}},"StudentIme107":{"parent":"103","id":"107","tip":"0","ime":"StudentIme","id_ent":"2","opis":"StudentIme","vrednost":"Milos Jovanovic"}}}