<?xml version="1.0" encoding="UTF-8" standalone="no"?>
<konfiguracija1>
    <parent>0</parent>
    <id>1</id>
    <tip>0</tip>
    <ime>konfiguracija</ime>
    <id_ent>1</id_ent>
    <opis>root</opis>
    <vrednost>0</vrednost>
    <konfiguracija1>
        <parent>1</parent>
        <id>123</id>
        <tip>0</tip>
        <ime>Racunar</ime>
        <id_ent>9</id_ent>
        <opis>SamsungLG</opis>
        <vrednost>0</vrednost>
        <konfiguracija1>
            <parent>1</parent>
            <id>125</id>
            <tip>0</tip>
            <ime>Racunar</ime>
            <id_ent>9</id_ent>
            <opis>Lenovo</opis>
            <vrednost>0</vrednost>
        </konfiguracija1>
    </konfiguracija1>
</konfiguracija1>
