<?xml version="1.0" encoding="utf-8"?>

<konfiguracija>
    <parent>0</parent>
	<id>1</id>
	<tip>0</tip>
	<ime>konfiguracija</ime>
    <id_ent>1</id_ent>
    <opis>root</opis>
    <vrednost>0</vrednost>
	<racunari>
		<racunar>
			 <parent>1</parent>
			<id>2</id>
			<tip>0</tip>
			<ime>Racunar</ime>
			<id_ent>2</id_ent>
			<opis>Samsung</opis>
			<vrednost>90</vrednost>
			<Memorija>
				 <parent>2</parent>
				<id>4</id>
				<tip>0</tip>
				<ime>Memorija</ime>
				<id_ent>3</id_ent>
				<opis>Kinex</opis>
				<vrednost>90</vrednost>
			</Memorija>
		</racunar>
		<racunar>
			 <parent>1</parent>
			<id>3</id>
			<tip>0</tip>
			<ime>Racunar</ime>
			<id_ent>2</id_ent>
			<opis>Lenovo</opis>
			<vrednost>900</vrednost>
		</racunar>
		


	</racunari>





</konfiguracija>
