{"Studenti109":{"parent":"0","id":"109","tip":"0","ime":"Studenti","id_ent":"1","opis":"Studenti FON","vrednost":"0","Student110":{"parent":"109","id":"110","tip":"0","ime":"Student","id_ent":"2","opis":"Student Tehnicka Fizika","vrednost":"0","ImePrezime112":{"parent":"110","id":"112","tip":"0","ime":"ImePrezime","id_ent":"3","opis":"imePrezime","vrednost":"Zoran Petrovic"},"GodinaRodjenja113":{"parent":"110","id":"113","tip":"0","ime":"GodinaRodjenja","id_ent":"4","opis":"GR","vrednost":"1998"},"Adrese116":{"parent":"110","id":"116","tip":"0","ime":"Adrese","id_ent":"5","opis":"a","vrednost":"0","AdresaRodjenja117":{"parent":"116","id":"117","tip":"0","ime":"AdresaRodjenja","id_ent":"6","opis":"a","vrednost":"Kneza Viseslava 23"},"AdresaPrebivalista118":{"parent":"116","id":"118","tip":"0","ime":"AdresaPrebivalista","id_ent":"7","opis":"Adresa gde zivi","vrednost":"Petra Martinovica 24"}}},"Student111":{"parent":"109","id":"111","tip":"0","ime":"Student","id_ent":"2","opis":"Student ","vrednost":"0","ImePrezime114":{"parent":"111","id":"114","tip":"0","ime":"ImePrezime","id_ent":"3","opis":"IP","vrednost":"Jovan Jovanovic"},"GodinaRodjenja115":{"parent":"111","id":"115","tip":"0","ime":"GodinaRodjenja","id_ent":"4","opis":"GR","vrednost":"2002"}}}}